,City,Lat,Lng,Max Temp,Humidity,Cloudiness,Wind Speed,Country,Date
0,atuona,-9.8,-139.0333,79.2,73,29,8.39,PF,1623093287
1,kirkwall,58.9848,-2.9587,55.74,87,90,11.5,GB,1623093287
2,nishihara,26.1842,127.7558,79.88,89,75,8.55,JP,1623093287
3,bredasdorp,-34.5322,20.0403,65.28,44,100,5.68,ZA,1623093288
4,jamestown,42.097,-79.2353,87.12,56,1,7.0,US,1623093195
5,port hawkesbury,45.6169,-61.3485,81.9,65,100,5.01,CA,1623093289
6,bengkulu,-3.8004,102.2655,74.84,88,94,3.62,ID,1623093289
7,zwedru,6.0667,-8.1281,73.56,96,62,3.56,LR,1623093289
8,garowe,8.4054,48.4845,87.87,36,90,18.95,SO,1623093290
9,nouadhibou,20.931,-17.0347,71.58,73,16,25.32,MR,1623093290
10,butaritari,3.0707,172.7902,80.42,75,99,3.15,KI,1623093291
11,avarua,-21.2078,-159.775,73.45,73,34,3.44,CK,1623093291
12,praia da vitoria,38.7333,-27.0667,69.76,88,99,4.83,PT,1623093292
13,makinsk,52.6292,70.4169,60.94,38,100,2.59,KZ,1623093292
14,ushuaia,-54.8,-68.3,42.42,81,20,2.3,AR,1623093293
15,mahebourg,-20.4081,57.7,71.89,78,75,14.97,MU,1623093293
16,wajid,3.8093,43.2471,79.36,61,100,23.15,SO,1623093293
17,sondrio,46.169,9.8692,69.78,79,97,3.0,IT,1623093294
18,trinidad,-14.8333,-64.9,87.78,62,75,6.91,BO,1623093295
19,hithadhoo,-0.6,73.0833,83.35,68,0,14.14,MV,1623093296
20,klaksvik,62.2266,-6.589,52.72,92,98,19.84,FO,1623093296
21,hobart,-42.8794,147.3294,54.1,83,75,1.99,AU,1623093254
22,punta arenas,-53.15,-70.9167,42.91,75,40,6.98,CL,1623093297
23,hilo,19.7297,-155.09,80.33,61,40,4.61,US,1623093298
24,pombas,17.1503,-25.0201,78.58,76,10,12.44,CV,1623093298
25,busselton,-33.65,115.3333,48.69,82,77,12.71,AU,1623093299
26,mataura,-46.1927,168.8643,38.23,94,7,2.26,NZ,1623093299
27,tuatapere,-46.1333,167.6833,42.35,86,5,3.87,NZ,1623093300
28,port alfred,-33.5906,26.891,65.97,61,0,11.72,ZA,1623093300
29,longyearbyen,78.2186,15.6401,39.04,93,75,16.11,SJ,1623093300
30,san patricio,28.017,-97.5169,91.49,65,6,22.17,US,1623093301
31,matamoros,25.5333,-103.25,99.1,12,41,4.74,MX,1623093301
32,vaini,-21.2,-175.2,74.77,81,59,9.28,TO,1623093302
33,payson,40.0444,-111.7321,90.0,15,40,12.06,US,1623093302
34,huesca,42.1362,-0.4087,79.48,28,0,8.01,ES,1623093303
35,klerksdorp,-26.8521,26.6667,45.82,70,0,5.14,ZA,1623093304
36,georgetown,5.4112,100.3354,81.9,82,20,3.58,MY,1623093304
37,jalu,29.0331,21.5482,86.22,19,100,9.17,LY,1623093305
38,rikitea,-23.1203,-134.9692,76.53,83,100,18.84,PF,1623093305
39,bluff,-46.6,168.3333,43.59,84,10,6.42,NZ,1623093306
40,saint george,37.1041,-113.5841,96.64,12,1,1.01,US,1623093306
41,boden,65.8252,21.6886,64.4,65,100,3.78,SE,1623093307
42,raudeberg,61.9875,5.1352,62.38,80,76,12.91,NO,1623093307
43,castro,-24.7911,-50.0119,60.19,92,99,2.68,BR,1623093307
44,warmbad,-28.45,18.7333,65.62,32,82,22.21,NA,1623093308
45,hami,42.8,93.45,71.87,12,12,12.01,CN,1623093308
46,port lincoln,-34.7333,135.8667,51.51,65,100,25.7,AU,1623093309
47,coulommiers,48.8145,3.085,73.78,63,0,3.0,FR,1623093109
48,northam,51.0333,-4.2167,62.35,79,6,4.52,GB,1623093310
49,rincon,32.296,-81.2354,85.86,74,75,12.08,US,1623093310
50,bambous virieux,-20.3428,57.7575,71.85,78,75,20.02,MU,1623093311
51,koshurnikovo,54.1667,93.3,42.91,97,17,4.32,RU,1623093311
52,kapaa,22.0752,-159.319,80.92,69,20,4.0,US,1623093311
53,hovd,48.0056,91.6419,52.88,31,0,1.21,MN,1623093312
54,ust-tsilma,65.441,52.1498,41.22,55,6,4.34,RU,1623093312
55,muana,-1.5283,-49.2167,86.49,65,97,0.96,BR,1623093313
56,new norfolk,-42.7826,147.0587,53.74,71,90,4.83,AU,1623093313
57,kloulklubed,7.0419,134.2556,73.9,70,84,3.51,PW,1623093314
58,torbay,47.6666,-52.7314,62.76,70,99,1.01,CA,1623093314
59,harnosand,62.6323,17.9379,69.82,88,31,4.29,SE,1623093314
60,port elizabeth,-33.918,25.5701,65.1,51,20,8.05,ZA,1623093315
61,norman wells,65.282,-126.8329,52.99,43,47,7.72,CA,1623093315
62,cape town,-33.9258,18.4232,69.35,57,91,8.48,ZA,1623093183
63,kavieng,-2.5744,150.7967,81.05,78,100,6.76,PG,1623093316
64,yellowknife,62.456,-114.3525,42.57,81,100,10.0,CA,1623093253
65,cortez,37.3489,-108.5859,84.94,11,1,11.5,US,1623093317
66,almaznyy,48.0448,40.045,59.14,96,60,8.46,RU,1623093318
67,sabha,27.0377,14.4283,90.34,15,100,6.78,LY,1623093318
68,severo-kurilsk,50.6789,156.125,41.16,97,100,9.75,RU,1623093319
69,constantine,36.365,6.6147,66.88,60,0,6.35,DZ,1623093319
70,saint-pierre,-21.3393,55.4781,69.44,83,75,4.61,RE,1623093319
71,nabire,-3.3667,135.4833,74.8,92,73,3.83,ID,1623093320
72,bisalpur,28.3,79.8,90.07,33,2,6.46,IN,1623093320
73,kruisfontein,-34.0033,24.7314,62.89,36,0,7.34,ZA,1623093321
74,isangel,-19.55,169.2667,70.14,64,100,11.05,VU,1623093321
75,bulawayo,-20.15,28.5833,47.64,88,5,11.83,ZW,1623093322
76,nanortalik,60.1432,-45.2371,41.7,83,100,6.6,GL,1623093322
77,husavik,66.0449,-17.3389,57.11,75,100,3.49,IS,1623093323
78,airai,-8.9266,125.4092,55.71,86,61,1.92,TL,1623093323
79,aklavik,68.2191,-135.0107,48.92,51,56,7.38,CA,1623093324
80,simdega,22.6167,84.5167,87.58,49,100,2.01,IN,1623093324
81,santa cruz,-17.8,-63.1667,78.26,83,75,9.22,BO,1623093238
82,chodavaram,17.8333,82.95,85.84,77,100,3.56,IN,1623093325
83,saint-augustin,51.226,-58.6502,50.92,75,100,15.01,CA,1623093325
84,clyde river,70.4692,-68.5914,37.63,81,20,11.5,CA,1623093326
85,mingshui,36.7167,117.5,74.59,65,88,5.7,CN,1623093326
86,iquique,-20.2208,-70.1431,64.44,68,100,5.82,CL,1623093326
87,san quintin,30.4833,-115.95,66.56,62,100,11.25,MX,1623093327
88,cabanas,22.9758,-82.9219,91.87,52,55,11.5,CU,1623093327
89,hermanus,-34.4187,19.2345,65.8,49,100,9.04,ZA,1623093328
90,mehamn,71.0357,27.8492,53.78,62,100,13.0,NO,1623093328
91,salinopolis,-0.6136,-47.3561,81.3,83,100,6.89,BR,1623093329
92,wawa,9.9022,4.4192,86.56,50,99,5.99,NG,1623093329
93,asadabad,34.7824,48.1185,60.33,17,0,2.1,IR,1623093330
94,hamilton,39.1834,-84.5333,82.92,80,75,7.81,US,1623093097
95,komsomolskiy,40.4272,71.7189,80.02,30,90,2.04,UZ,1623093331
96,severo-yeniseyskiy,60.3725,93.0408,30.67,79,10,2.21,RU,1623093332
97,ostrovnoy,68.0531,39.5131,41.61,69,1,6.93,RU,1623093332
98,poya,-21.35,165.15,64.9,73,100,6.17,NC,1623093332
99,charters towers,-20.1,146.2667,57.83,93,0,5.77,AU,1623093333
100,sydney,-33.8679,151.2073,56.71,72,0,5.01,AU,1623093128
101,bandar-e lengeh,26.5579,54.8807,88.66,75,0,12.71,IR,1623093333
102,iqaluit,63.7506,-68.5145,40.73,70,90,11.99,CA,1623093334
103,kaitangata,-46.2817,169.8464,40.93,88,1,3.65,NZ,1623093334
104,olafsvik,64.8945,-23.7142,47.62,85,100,5.3,IS,1623093334
105,palmer,42.1584,-72.3287,95.49,40,20,1.99,US,1623093132
106,east london,-33.0153,27.9116,65.21,48,0,8.77,ZA,1623093335
107,hay river,60.8156,-115.7999,39.76,82,100,6.58,CA,1623093305
108,san francisco,37.7749,-122.4194,78.51,63,20,5.01,US,1623093301
109,gebre guracha,9.8,38.4,61.88,34,1,8.08,ET,1623093337
110,san fernando,15.0286,120.6898,81.14,85,100,0.69,PH,1623093338
111,tenenkou,14.4572,-4.9169,88.95,40,85,25.59,ML,1623093338
112,nianzishan,47.5167,122.8833,61.14,52,30,3.42,CN,1623093338
113,pimenta bueno,-11.6725,-61.1936,90.88,44,66,4.45,BR,1623093339
114,beinamar,8.6698,15.3813,80.82,50,48,3.76,TD,1623093339
115,necochea,-38.5473,-58.7368,56.03,52,100,12.97,AR,1623093114
116,hokitika,-42.7167,170.9667,51.01,85,21,5.01,NZ,1623093340
117,acarau,-2.8856,-40.12,83.48,73,60,10.49,BR,1623093057
118,kodiak,57.79,-152.4072,53.11,58,1,9.22,US,1623093340
119,olyka,50.7186,25.8125,59.29,89,100,8.16,UA,1623093341
120,lavrentiya,65.5833,-171.0,33.28,82,100,5.32,RU,1623093342
121,tiksi,71.6872,128.8694,35.2,92,96,2.46,RU,1623093342
122,albany,42.6001,-73.9662,94.93,41,99,6.78,US,1623093342
123,bayir,37.2687,28.2167,68.52,54,0,2.82,TR,1623093343
124,saint-philippe,-21.3585,55.7679,69.35,75,77,16.46,RE,1623093343
125,muros,42.7762,-9.0603,70.68,69,98,10.67,ES,1623093344
126,ponta delgada,37.7333,-25.6667,70.52,78,20,10.36,PT,1623093344
127,texarkana,33.4251,-94.0477,84.45,86,90,4.0,US,1623093345
128,ribeira grande,38.5167,-28.7,68.4,88,40,10.36,PT,1623093345
129,itarema,-2.9248,-39.9167,83.34,71,99,10.8,BR,1623093345
130,qaanaaq,77.484,-69.3632,40.08,89,0,3.11,GL,1623093346
131,cururupu,-1.8283,-44.8683,83.01,73,91,4.56,BR,1623093346
132,guarda,40.5373,-7.2658,65.23,50,0,6.58,PT,1623093347
133,sitka,57.0531,-135.33,53.49,76,75,6.91,US,1623093347
134,goure,13.9835,10.2704,97.02,17,57,8.34,NE,1623093348
135,mananjary,-21.2167,48.3333,66.54,80,100,7.54,MG,1623093348
136,barrow,71.2906,-156.7887,30.22,86,90,17.27,US,1623093349
137,osoyoos,49.0331,-119.4524,60.39,66,98,3.44,CA,1623093350
138,inndyr,67.0338,14.0276,55.65,94,100,3.42,NO,1623093350
139,havelock,34.8791,-76.9013,80.83,89,75,9.22,US,1623093352
140,ekibastuz,51.6667,75.3667,67.75,33,88,6.42,KZ,1623093352
141,pierre,44.3683,-100.351,99.52,30,1,18.41,US,1623093099
142,ures,29.4333,-110.4,97.14,15,78,17.65,MX,1623093353
143,aksarka,66.5606,67.7975,36.46,67,41,2.86,RU,1623093353
144,mattru,7.6244,-11.8332,76.71,94,49,3.15,SL,1623093354
145,saky,45.1356,33.6031,59.83,86,4,8.39,UA,1623093354
146,nikolskoye,59.7035,30.7861,64.29,84,19,4.72,RU,1623093355
147,russell,32.3502,-85.1999,82.11,88,75,6.22,US,1623093308
148,pevek,69.7008,170.3133,34.25,90,53,8.75,RU,1623093357
149,mulchen,-37.7167,-72.2333,55.26,57,78,5.66,CL,1623093358
150,mar del plata,-38.0023,-57.5575,61.09,70,0,3.0,AR,1623093179
151,rzhaksa,52.1338,42.0264,56.7,89,33,4.36,RU,1623093358
152,nome,64.5011,-165.4064,36.16,87,90,4.61,US,1623093359
153,puerto ayora,-0.7393,-90.3518,84.16,84,81,8.99,EC,1623093359
154,pacific grove,36.6177,-121.9166,73.02,67,1,5.01,US,1623093360
155,san vicente,-26.6167,-54.1333,65.16,95,44,2.46,AR,1623093360
156,sakakah,29.9697,40.2064,90.97,11,5,8.81,SA,1623093360
157,poyarkovo,49.6,128.6833,56.17,79,97,4.79,RU,1623093361
158,ryotsu,38.0833,138.4333,64.27,78,58,5.7,JP,1623093361
159,dikson,73.5069,80.5464,30.29,90,100,9.31,RU,1623093362
160,santa fe,-31.6333,-60.7,63.75,72,97,1.01,AR,1623093362
161,sibolga,1.7427,98.7792,76.06,85,100,3.02,ID,1623093363
162,kaifeng,34.7911,114.3483,79.66,47,100,8.48,CN,1623093363
163,vera cruz,-12.6333,-41.0333,76.57,44,97,7.49,BR,1623093364
164,pangody,65.85,74.4859,38.73,69,73,1.36,RU,1623093364
165,marawi,7.9986,124.2928,69.66,94,84,1.14,PH,1623093365
166,jiuquan,39.7432,98.5174,62.04,40,2,5.99,CN,1623093365
167,luderitz,-26.6481,15.1594,61.39,83,97,12.19,NA,1623093366
168,pingzhuang,42.0372,119.2889,60.51,83,100,5.44,CN,1623093366
169,talnakh,69.4865,88.3972,27.27,93,100,2.68,RU,1623093367
170,hetauda,27.4284,85.0322,83.55,55,0,4.38,NP,1623093367
171,port blair,11.6667,92.75,81.21,83,100,9.44,IN,1623093368
172,bilibino,68.0546,166.4372,61.56,55,92,3.62,RU,1623093368
173,eyl,7.9803,49.8164,80.31,80,5,26.93,SO,1623093368
174,tura,25.5198,90.2201,73.24,97,97,7.16,IN,1623093369
175,leshukonskoye,64.8989,45.7622,43.54,56,5,4.29,RU,1623093369
176,sundumbili,-29.1337,31.3975,61.11,78,0,10.58,ZA,1623093370
177,college,64.8569,-147.8028,67.08,58,20,3.44,US,1623093323
178,tasiilaq,65.6145,-37.6368,42.96,89,71,1.19,GL,1623093370
179,roebourne,-20.7833,117.1333,76.91,47,100,11.27,AU,1623093371
180,douglas,41.3,-96.167,89.74,51,40,5.99,US,1623093368
181,la asuncion,11.0333,-63.8628,89.33,55,99,17.74,VE,1623093371
182,blagoyevo,63.3667,47.9167,44.67,49,55,4.21,RU,1623093372
183,solnechnyy,50.7214,136.6319,51.08,92,82,3.67,RU,1623093372
184,andenes,69.3143,16.1194,54.07,76,20,10.36,NO,1623093373
185,olga,43.7444,135.2892,54.64,89,5,5.79,RU,1623093373
186,gorontalo,0.5412,123.0595,73.98,91,93,2.35,ID,1623093374
187,de-kastri,51.4667,140.7833,39.78,95,86,1.45,RU,1623093374
188,bani walid,31.7566,13.9942,73.76,60,71,21.92,LY,1623093374
189,lebu,-37.6167,-73.65,54.95,65,100,16.51,CL,1623093375
190,titel,45.2061,20.2944,73.51,62,64,5.75,RS,1623093376
191,souillac,-20.5167,57.5167,71.98,78,75,19.28,MU,1623093377
192,miraflores,19.2167,-98.8083,77.76,27,89,3.31,MX,1623093377
193,saskylakh,71.9167,114.0833,35.76,74,67,9.19,RU,1623093378
194,galesong,-5.3166,119.3661,73.42,79,51,4.54,ID,1623093378
195,atbasar,51.8,68.3333,65.16,34,100,7.02,KZ,1623093379
196,ravar,31.2656,56.8055,92.43,8,0,4.14,IR,1623093379
197,vardo,70.3705,31.1107,51.55,81,0,8.05,NO,1623093380
198,leningradskiy,69.3833,178.4167,38.77,79,6,8.97,RU,1623093380
199,hasaki,35.7333,140.8333,62.89,75,46,2.77,JP,1623093382
200,burns lake,54.2331,-125.7533,60.71,39,15,3.24,CA,1623093309
201,lauterbach,50.6333,9.4,64.71,94,94,4.68,DE,1623093382
202,ancud,-41.8697,-73.8203,50.23,75,100,19.08,CL,1623093383
203,victoria,22.2855,114.1577,82.38,88,97,1.01,HK,1623093139
204,gat,31.61,34.7642,73.81,62,0,5.32,IL,1623093383
205,atambua,-9.1061,124.8925,68.68,83,87,4.76,ID,1623093384
206,cherskiy,68.75,161.3,47.28,68,99,5.77,RU,1623093384
207,beloha,-25.1667,45.05,63.59,63,0,13.51,MG,1623093385
208,yerofey pavlovich,53.9667,121.9667,55.4,82,7,2.46,RU,1623093385
209,keetmanshoop,-26.5833,18.1333,64.62,30,69,19.93,NA,1623093386
210,broome,42.2506,-75.833,89.17,54,90,4.0,US,1623093387
211,arraial do cabo,-22.9661,-42.0278,76.96,83,0,8.05,BR,1623093387
212,zhovtneve,50.6637,24.2492,59.02,84,3,7.09,UA,1623093388
213,bethel,41.3712,-73.414,94.66,43,20,11.5,US,1623093329
214,bintulu,3.1667,113.0333,79.21,89,20,5.75,MY,1623093389
215,rosarito,32.3333,-117.0333,67.12,68,100,11.18,MX,1623093389
216,gopalpur,19.2667,84.9167,86.86,74,100,12.1,IN,1623093390
217,luwuk,-0.9516,122.7875,76.08,85,23,4.43,ID,1623093390
218,esperance,-33.8667,121.9,49.84,62,100,14.97,AU,1623093391
219,aracruz,-19.8203,-40.2733,79.81,64,4,6.04,BR,1623093238
220,creel,27.75,-107.6333,79.23,15,0,15.37,MX,1623093392
221,tarcal,48.1333,21.35,70.72,71,32,6.46,HU,1623093393
222,topeka,39.0483,-95.678,86.23,56,20,11.5,US,1623093393
223,geraldton,-28.7667,114.6,59.41,51,99,21.63,AU,1623093393
224,llanes,43.4198,-4.7549,67.26,85,100,6.44,ES,1623093394
225,alamogordo,32.8995,-105.9603,95.56,13,1,4.61,US,1623093394
226,lagoa,39.05,-27.9833,64.94,91,100,15.61,PT,1623093395
227,medea,36.2642,2.7539,61.25,54,0,4.52,DZ,1623093395
228,dire dawa,9.5931,41.8661,74.5,52,40,13.06,ET,1623093396
229,tuktoyaktuk,69.4541,-133.0374,41.0,60,75,9.22,CA,1623093396
230,camopi,3.1655,-52.3158,78.78,96,100,3.58,GF,1623093397
231,kenora,49.8167,-94.4337,72.57,46,40,4.61,CA,1623093398
232,grand-lahou,5.1367,-5.0242,79.5,81,23,5.5,CI,1623093398
233,cidreira,-30.1811,-50.2056,62.8,80,100,15.03,BR,1623093399
234,khatanga,71.9667,102.5,31.73,89,98,8.23,RU,1623093399
235,los llanos de aridane,28.6585,-17.9182,65.95,89,75,12.73,ES,1623093400
236,mashhad,36.297,59.6062,75.34,57,0,9.22,IR,1623093368
237,lorengau,-2.0226,147.2712,79.57,81,100,4.16,PG,1623093400
238,udachnyy,66.4167,112.4,38.3,69,9,3.91,RU,1623093401
239,dawlatabad,36.4141,64.9053,88.45,24,0,6.35,AF,1623093401
240,bandarban,22.1965,92.2262,76.37,95,100,3.22,BD,1623093402
241,kajaani,64.2273,27.7285,60.85,44,0,5.75,FI,1623093402
242,te anau,-45.4167,167.7167,40.5,94,18,1.41,NZ,1623093402
243,tessalit,20.1986,1.0114,100.78,7,0,14.07,ML,1623093403
244,huarmey,-10.0681,-78.1522,70.02,71,17,7.25,PE,1623093403
245,dongsheng,39.8161,109.9776,67.48,20,100,7.09,CN,1623093404
246,caibarien,22.5206,-79.4669,90.72,71,92,17.85,CU,1623093404
247,ponta do sol,32.6667,-17.1,72.72,78,92,4.56,PT,1623093404
248,kathmandu,27.7167,85.3167,73.62,73,40,0.0,NP,1623093405
249,thompson,55.7435,-97.8558,66.58,34,100,3.91,CA,1623093308
250,barmer,25.75,71.3833,89.82,48,0,22.93,IN,1623093405
251,namatanai,-3.6667,152.4333,78.96,80,100,3.65,PG,1623093406
252,carnarvon,-24.8667,113.6333,68.07,52,90,11.5,AU,1623093406
253,pisco,-13.7,-76.2167,66.25,77,90,6.91,PE,1623093282
254,new plymouth,-39.0667,174.0833,49.32,78,51,5.88,NZ,1623093407
255,safaga,26.7292,33.9365,82.35,39,5,6.67,EG,1623093407
256,touros,-5.1989,-35.4608,77.9,74,67,13.4,BR,1623093408
257,marsassoum,12.8275,-15.9806,92.35,40,70,14.45,SN,1623093408
258,toucheng,24.8592,121.8233,80.46,89,100,2.24,TW,1623093409
259,isla vista,34.4133,-119.861,72.61,63,75,5.75,US,1623093409
260,bath,51.3779,-2.3591,66.88,71,100,6.11,GB,1623093409
261,pampa,35.5362,-100.9599,86.04,51,40,9.22,US,1623093301
262,tiarei,-17.5333,-149.3333,80.62,77,39,9.78,PF,1623093410
263,north bend,43.4065,-124.2243,62.98,68,90,6.91,US,1623093410
264,ixtapa,20.7,-105.2,85.23,66,20,10.36,MX,1623093411
265,ayan,56.45,138.1667,41.72,93,100,7.34,RU,1623093411
266,moses lake,47.1301,-119.2781,64.76,27,20,6.91,US,1623093412
267,umtata,-31.5889,28.7844,52.16,56,0,4.12,ZA,1623093412
268,san cristobal,7.7669,-72.225,82.58,70,68,5.93,VE,1623093412
269,jishou,28.3167,109.7167,73.11,80,90,0.63,CN,1623093413
270,praia,14.9215,-23.5087,82.94,42,0,24.16,CV,1623093413
271,tshela,-4.9833,12.9333,75.67,90,98,2.26,CD,1623093414
272,aswan,24.0934,32.907,92.12,13,0,17.94,EG,1623093414
273,oistins,13.0667,-59.5333,86.09,58,40,26.46,BB,1623093150
274,maceio,-9.6658,-35.7353,81.84,74,75,6.53,BR,1623093415
275,babu,24.4167,111.5167,75.74,80,100,1.36,CN,1623093416
276,mogadishu,2.0371,45.3438,79.03,82,17,17.98,SO,1623093416
277,neuquen,-38.9516,-68.0591,60.69,36,0,2.3,AR,1623093417
278,ilulissat,69.2167,-51.1,60.82,29,20,8.05,GL,1623093417
279,vao,-22.6667,167.4833,69.01,56,100,15.43,NC,1623093418
280,sao filipe,14.8961,-24.4956,78.4,62,3,15.12,CV,1623093418
281,anacortes,48.5126,-122.6127,58.28,74,90,1.01,US,1623093418
282,kahului,20.8947,-156.47,82.42,70,40,17.27,US,1623093419
283,fortuna,40.5982,-124.1573,67.19,53,40,5.99,US,1623093420
284,onega,63.9061,38.1404,46.02,54,46,5.97,RU,1623093420
285,fairbanks,64.8378,-147.7164,67.1,56,20,3.44,US,1623093420
286,zhigansk,66.7697,123.3711,45.88,55,97,22.03,RU,1623093421
287,astoria,46.1879,-123.8313,61.02,66,75,5.75,US,1623093421
288,tucuma,-0.1833,-50.05,81.66,83,93,4.92,BR,1623093422
289,upernavik,72.7868,-56.1549,33.4,96,39,6.53,GL,1623093422
290,obihiro,42.9172,143.2044,53.46,78,0,5.53,JP,1623093423
291,port-cartier,50.0334,-66.8654,61.02,72,68,4.16,CA,1623093423
292,itimadpur,27.25,78.2,98.49,23,1,5.1,IN,1623093424
293,muisne,0.6,-80.0333,80.71,83,99,12.41,EC,1623093424
294,neyshabur,36.2133,58.7958,76.78,39,0,6.13,IR,1623093425
295,mackay,-21.15,149.2,60.67,100,68,5.75,AU,1623093425
296,rocha,-34.4833,-54.3333,58.41,76,100,8.79,UY,1623093148
297,glenwood springs,39.5505,-107.3248,86.92,18,71,7.76,US,1623093321
298,ouango,4.3133,22.5552,70.88,97,99,2.91,CF,1623093426
299,blyth,55.1271,-1.5086,66.54,65,0,4.99,GB,1623093427
300,teknaf,20.8624,92.3058,82.17,85,100,2.24,BD,1623093427
301,pervomayskiy,53.2485,40.2871,58.14,89,21,2.89,RU,1623093428
302,avera,33.194,-82.5271,87.85,82,100,6.91,US,1623093428
303,batetskiy,58.6461,30.3027,57.6,90,63,4.85,RU,1623093428
304,westport,41.1415,-73.3579,94.62,73,1,1.01,US,1623093429
305,bhadrapur,26.544,88.0944,78.98,87,65,9.37,NP,1623093430
306,ginir,7.1333,40.7,59.07,80,17,4.94,ET,1623093430
307,port hardy,50.6996,-127.4199,52.72,77,99,7.36,CA,1623093306
308,karabuk,41.2049,32.6277,58.78,81,4,0.54,TR,1623093431
309,saldanha,-33.0117,17.9442,66.25,65,100,6.91,ZA,1623093431
310,petropavlovsk-kamchatskiy,53.0452,158.6483,41.59,100,90,2.01,RU,1623093431
311,chuy,-33.6971,-53.4616,59.45,73,1,10.67,UY,1623093432
312,mount gambier,-37.8333,140.7667,44.51,100,100,6.91,AU,1623093432
313,zaysan,47.4667,84.8667,60.58,26,85,6.24,KZ,1623093433
314,piacabucu,-10.4056,-36.4344,78.87,77,100,7.56,BR,1623093433
315,cap malheureux,-19.9842,57.6142,72.09,84,79,5.01,MU,1623093433
316,ust-kulom,61.6864,53.6902,42.22,55,25,4.74,RU,1623093434
317,manokwari,-0.8667,134.0833,78.19,80,97,4.63,ID,1623093443
318,najran,17.4924,44.1277,90.25,10,99,6.93,SA,1623093443
319,sehithwa,-20.4667,22.7167,57.13,48,3,5.3,BW,1623093444
320,chancay,-11.5714,-77.2672,66.56,71,5,8.93,PE,1623093445
321,alice springs,-23.7,133.8833,44.15,57,7,9.01,AU,1623093445
322,brae,60.3964,-1.353,53.51,71,75,10.74,GB,1623093446
323,hobyo,5.3505,48.5268,78.76,87,18,26.87,SO,1623093446
324,nexo,55.0607,15.1306,60.89,79,3,5.66,DK,1623093447
325,yatou,37.15,122.3833,62.8,91,87,7.94,CN,1623093447
326,villazon,-22.0866,-65.5942,51.12,8,56,3.15,BO,1623093447
327,siderno,38.2779,16.302,73.4,75,0,12.37,IT,1623093448
328,chapais,49.7834,-74.8492,83.98,60,99,15.86,CA,1623093449
329,faanui,-16.4833,-151.75,80.29,75,38,12.75,PF,1623093449
330,bubaque,11.2833,-15.8333,79.56,82,100,11.23,GW,1623093449
331,wilmington island,32.0036,-80.9737,84.97,59,40,3.0,US,1623093450
332,tynda,55.1667,124.7167,52.63,90,10,1.99,RU,1623093450
333,namibe,-15.1961,12.1522,72.88,66,55,4.99,AO,1623093339
334,dryden,49.7833,-92.7503,75.49,38,1,8.05,CA,1623093350
335,kavaratti,10.5669,72.642,83.62,75,2,14.29,IN,1623093451
336,soto la marina,23.7667,-98.2167,105.57,24,1,15.05,MX,1623093451
337,zhangjiakou,40.81,114.8794,61.83,72,9,5.32,CN,1623093452
338,vanavara,60.34,102.2797,36.9,93,0,7.74,RU,1623093452
339,bac lieu,9.285,105.7244,81.63,80,100,6.55,VN,1623093453
340,kuryk,43.2,51.65,69.22,70,56,14.34,KZ,1623093453
341,paracuru,-3.41,-39.0306,84.22,72,100,11.77,BR,1623093453
342,buchanan,5.8808,-10.0467,78.76,83,100,9.82,LR,1623093454
343,dunedin,-45.8742,170.5036,43.81,88,0,3.22,NZ,1623093416
344,portlethen,57.0547,-2.1307,56.82,92,75,1.99,GB,1623093289
345,novokayakent,42.3937,47.9861,69.12,74,8,3.53,RU,1623093455
346,bemidji,47.4736,-94.8803,87.06,22,1,4.61,US,1623093455
347,svetlaya,46.5389,138.3297,48.25,95,93,9.51,RU,1623093455
348,leiyang,26.4024,112.8591,74.89,83,74,2.98,CN,1623093456
349,akyab,20.15,92.9,82.78,81,100,7.16,MM,1623093456
350,samagaltay,50.6022,95.0047,44.46,64,6,2.82,RU,1623093457
351,poum,-20.2333,164.0167,71.4,65,100,13.85,NC,1623093457
352,gra liyia,35.0167,25.6833,73.44,65,2,4.65,GR,1623093458
353,mahibadhoo,3.7833,72.9667,83.07,72,70,17.02,MV,1623093458
354,arman,59.7,150.1667,43.99,89,100,5.3,RU,1623093458
355,laguna,38.421,-121.4238,81.25,32,1,5.01,US,1623093411
356,tias,28.9611,-13.645,69.55,73,20,17.27,ES,1623093459
357,yaan,7.3833,8.5667,81.48,65,10,5.35,NG,1623093459
358,athabasca,54.7169,-113.2854,57.02,59,82,13.04,CA,1623093460
359,grindavik,63.8424,-22.4338,50.56,87,75,10.49,IS,1623093460
360,berlevag,70.8578,29.0864,53.55,58,0,3.44,NO,1623093461
361,icod de los vinos,28.3724,-16.7119,72.34,47,100,8.3,ES,1623093461
362,ocampo,21.65,-101.5,76.28,23,82,6.64,MX,1623093462
363,lukulu,-14.3707,23.242,60.1,52,97,4.97,ZM,1623093463
364,yerbogachen,61.2767,108.0108,45.16,97,100,3.06,RU,1623093463
365,dickinson,29.4608,-95.0513,91.62,72,75,7.0,US,1623093273
366,mishan,45.55,131.8833,56.77,79,6,4.21,CN,1623093464
367,krasnoselkup,65.7,82.4667,34.16,64,38,5.19,RU,1623093465
368,brejo da madre de deus,-8.1458,-36.3711,75.67,68,95,12.86,BR,1623093465
369,batagay,67.6333,134.6333,44.04,61,4,16.4,RU,1623093467
370,maloy,61.9353,5.1136,68.47,80,78,12.59,NO,1623093467
371,vila,42.0304,-8.1588,71.74,64,43,3.51,PT,1623093468
372,aykhal,66.0,111.5,34.97,59,8,1.32,RU,1623093468
373,boyolangu,-8.1181,111.8935,74.66,90,99,3.22,ID,1623093469
374,abbeville,50.1,1.8333,67.68,85,0,6.51,FR,1623093362
375,partizanskoye,55.5006,94.39,50.63,95,97,3.24,RU,1623093469
376,san buenaventura,27.0833,-101.5333,104.47,25,0,4.88,MX,1623093470
377,yulara,-25.2406,130.9889,49.84,50,6,8.05,AU,1623093470
378,den helder,52.9599,4.7593,65.07,69,5,6.91,NL,1623093465
379,silvassa,20.2667,73.0167,82.08,78,5,6.38,IN,1623093471
380,lander,42.833,-108.7307,88.61,15,1,8.05,US,1623093471
381,guerrero negro,27.9769,-114.0611,69.96,56,87,13.51,MX,1623093472
382,serowe,-22.3833,26.7167,49.03,80,0,7.18,BW,1623093472
383,seoul,37.5683,126.9778,64.81,94,100,1.81,KR,1623093241
384,santarem,-2.4431,-54.7083,87.93,70,20,9.22,BR,1623093181
385,dalbandin,28.8947,64.4101,91.44,24,0,9.48,PK,1623093473
386,nadym,65.5333,72.5167,37.87,68,83,9.4,RU,1623093474
387,flinders,-34.5833,150.8552,55.38,70,100,7.0,AU,1623093474
388,caravelas,-17.7125,-39.2481,76.95,72,17,6.96,BR,1623093474
389,oppdal,62.5943,9.6912,59.38,67,12,4.12,NO,1623093475
390,xining,36.6167,101.7667,51.55,77,17,2.01,CN,1623093475
391,mtsamboro,-12.6998,45.0689,78.12,67,17,5.61,YT,1623093476
392,green river,41.5286,-109.4662,84.15,14,4,3.33,US,1623093476
393,fukue,32.6881,128.8419,70.92,88,100,7.47,JP,1623093477
394,verkhnetulomskiy,68.6073,31.7962,53.73,46,99,4.34,RU,1623093477
395,krasnyy chikoy,50.3643,108.7512,39.54,100,100,2.04,RU,1623093478
396,beringovskiy,63.05,179.3167,34.7,98,100,4.63,RU,1623093478
397,kuah,6.3265,99.8432,80.58,89,20,4.74,MY,1623093479
398,ozorkow,51.9634,19.2914,72.21,70,44,4.36,PL,1623093479
399,yenagoa,4.9247,6.2642,77.67,84,20,4.94,NG,1623093479
400,da nang,16.0678,108.2208,84.25,74,40,5.75,VN,1623093234
401,invermere,50.5167,-116.0354,56.84,46,100,7.0,CA,1623093480
402,alexandria,31.2156,29.9553,73.36,68,0,9.22,EG,1623093480
403,fartura,-23.3883,-49.51,68.54,81,43,6.62,BR,1623093481
404,dafeng,23.4517,108.5881,77.94,75,99,1.12,CN,1623093481
405,tongliao,43.6125,122.2653,63.64,72,77,7.45,CN,1623093482
406,worland,44.0169,-107.9554,79.68,25,1,5.01,US,1623093483
407,yanam,16.7333,82.2167,85.21,74,100,5.39,IN,1623093483
408,mahajanga,-15.7167,46.3167,71.62,60,0,5.75,MG,1623093484
409,harper,4.375,-7.7169,79.56,78,98,8.28,LR,1623093484
410,lompoc,34.6391,-120.4579,72.37,76,90,1.99,US,1623093485
411,gewane,10.1664,40.6453,90.93,24,1,8.57,ET,1623093375
412,tecoanapa,16.5167,-98.75,86.67,65,93,8.68,MX,1623093485
413,umm lajj,25.0213,37.2685,85.32,52,0,10.65,SA,1623093486
414,narsaq,60.9167,-46.05,55.62,49,100,6.89,GL,1623093486
415,pingyin,36.2831,116.4453,77.94,51,82,5.3,CN,1623093487
416,havre-saint-pierre,50.2334,-63.5986,62.96,88,40,8.05,CA,1623093487
417,katsuura,35.1333,140.3,68.14,78,59,0.74,JP,1623093488
418,chokurdakh,70.6333,147.9167,37.44,83,100,12.8,RU,1623093488
419,chinsali,-10.5414,32.0816,62.67,61,93,6.35,ZM,1623093489
420,bathsheba,13.2167,-59.5167,86.61,58,40,21.03,BB,1623093489
421,fatsa,41.0278,37.5014,60.6,77,1,6.04,TR,1623093490
422,yaqui,27.3667,-110.1667,93.76,22,11,15.93,MX,1623093490
423,lata,40.1629,-8.3327,75.04,64,0,5.82,PT,1623093491
424,uruzgan,32.8333,66.0,80.85,12,0,6.82,AF,1623093491
425,zhiryatino,53.2228,33.7306,59.32,92,17,6.78,RU,1623093492
426,santa isabel do rio negro,-0.4139,-65.0192,86.05,67,93,1.97,BR,1623093492
427,san carlos de bariloche,-41.1456,-71.3082,49.75,53,75,7.38,AR,1623093216
428,ningyang,35.7642,116.7914,78.55,32,98,8.23,CN,1623093493
429,jacmel,18.2342,-72.5347,87.64,65,75,7.4,HT,1623093493
430,patrocinio,-18.9439,-46.9925,81.95,31,52,1.92,BR,1623093494
431,borborema,-21.6197,-49.0736,83.46,31,80,7.18,BR,1623093494
432,ribeira brava,32.65,-17.0667,72.72,81,94,5.32,PT,1623093494
433,san luis,-33.295,-66.3356,59.2,43,95,2.46,AR,1623093495
434,asosa,10.0667,34.5333,63.07,93,100,1.54,ET,1623093495
435,mitsamiouli,-11.3847,43.2844,79.09,75,34,10.22,KM,1623093496
436,coquimbo,-29.9533,-71.3436,62.33,67,0,3.4,CL,1623093369
437,kaduqli,11.0167,29.7167,76.93,66,100,2.73,SD,1623093496
438,paris,48.8534,2.3488,73.26,52,0,6.08,FR,1623093466
439,pangkalanbuun,-2.6833,111.6167,74.3,97,84,2.3,ID,1623093497
440,tungor,53.3808,142.9564,36.27,96,73,6.15,RU,1623093498
441,mabaruma,8.2,-59.7833,76.12,97,100,6.44,GY,1623093498
442,eirunepe,-6.6603,-69.8736,81.93,86,78,1.1,BR,1623093498
443,bonavista,48.6499,-53.1147,60.8,67,100,18.3,CA,1623093499
444,rio gallegos,-51.6226,-69.2181,42.85,70,0,2.3,AR,1623093499
445,shache,38.4167,77.2406,81.88,21,83,6.06,CN,1623093500
446,kirando,-7.4167,30.6,73.49,60,95,5.88,TZ,1623093500
447,chany,55.3121,76.7647,59.05,49,6,8.25,RU,1623093500
448,meulaboh,4.1363,96.1285,75.99,88,99,4.38,ID,1623093501
449,high rock,26.6208,-78.2833,86.02,73,95,14.74,BS,1623093501
450,banjar,-8.19,114.9675,80.46,87,16,4.63,ID,1623093502
451,tambura,5.6,27.4667,73.69,76,36,2.8,SS,1623093503
452,bandarbeyla,9.4942,50.8122,80.38,80,19,31.23,SO,1623093503
453,pangnirtung,66.1451,-65.7125,35.6,87,90,10.36,CA,1623093504
454,natal,-5.795,-35.2094,77.65,88,75,11.61,BR,1623093504
455,burma,22.0,98.0,69.89,94,95,1.68,MM,1623093505
456,abu kamal,34.4506,40.9171,85.44,16,0,7.45,SY,1623093505
457,quatre cocos,-20.2078,57.7625,71.71,75,80,19.93,MU,1623093505
458,constitucion,-35.3333,-72.4167,58.8,53,98,3.69,CL,1623093356
459,tual,-5.6667,132.75,80.11,84,65,12.35,ID,1623093506
460,santiago del estero,-27.7951,-64.2615,66.52,52,66,5.77,AR,1623093495
461,snezhnogorsk,69.1933,33.2531,53.38,50,93,5.39,RU,1623093507
462,waitati,-45.75,170.5667,43.81,88,0,3.29,NZ,1623093507
463,sri aman,1.2376,111.4621,77.05,100,55,0.0,MY,1623093507
464,kalmunai,7.4167,81.8167,81.43,79,92,3.38,LK,1623093508
465,aldan,58.6031,125.3894,50.38,78,95,1.34,RU,1623093508
466,pacifica,37.6138,-122.4869,76.95,65,20,7.0,US,1623093509
467,mount isa,-20.7333,139.5,46.17,71,7,0.0,AU,1623093509
468,miranda de ebro,42.6865,-2.947,75.63,67,19,4.0,ES,1623093510
469,qaqortoq,60.7167,-46.0333,55.9,60,100,2.17,GL,1623093510
470,narrabri,-30.3167,149.7833,57.29,62,100,18.41,AU,1623093510
471,yomou,7.5603,-9.2653,72.43,97,99,2.06,GN,1623093489
472,andros,37.8333,24.9333,78.21,67,0,6.15,GR,1623093511
473,totness,5.8833,-56.3167,81.23,83,100,11.54,SR,1623093512
474,manzhouli,49.6,117.4333,64.31,46,100,13.44,CN,1623093512
475,darhan,49.4867,105.9228,47.39,82,100,7.05,MN,1623093512
476,sharjah,25.3573,55.4033,96.78,51,0,6.55,AE,1623093493
477,riyadh,24.6877,46.7219,96.94,9,0,11.88,SA,1623093513
478,ulladulla,-35.35,150.4667,52.7,61,100,8.79,AU,1623093513
479,malmesbury,-33.4608,18.7271,68.79,40,100,5.19,ZA,1623093514
480,richards bay,-28.783,32.0377,64.26,73,0,11.48,ZA,1623093514
481,san pedro,14.35,121.0167,80.35,91,75,3.4,PH,1623093515
482,codrington,-38.2667,141.9667,48.45,86,88,7.49,AU,1623093515
483,kamaishi,39.2667,141.8833,62.82,71,88,6.78,JP,1623093516
484,lincoln,40.8,-96.667,90.01,47,75,5.01,US,1623093516
485,saint-francois,46.4154,3.9054,67.44,74,0,3.44,FR,1623093516
486,deputatskiy,69.3,139.9,41.85,83,88,16.6,RU,1623093517
487,darnah,32.767,22.6367,73.71,55,0,4.7,LY,1623093517
488,zeya,53.75,127.2667,58.15,61,48,2.93,RU,1623093518
489,vestmanna,62.1564,-7.1664,50.92,87,90,15.9,FO,1623093518
490,wahiawa,21.5028,-158.0236,79.12,66,75,6.91,US,1623093518
491,cayenne,4.9333,-52.3333,84.24,84,75,5.99,GF,1623093519
492,la ronge,55.1001,-105.2842,57.45,67,90,13.8,CA,1623093519
493,seltso,53.3675,34.1,59.49,94,15,5.1,RU,1623093520
494,estrela,-28.0611,-50.9383,55.36,92,100,7.85,BR,1623093520
495,gamba,-2.65,10.0,76.51,91,13,6.46,GA,1623093521
496,la rioja,42.25,-2.5,69.58,62,6,2.42,ES,1623093316
497,provideniya,64.3833,-173.3,37.51,65,75,6.71,RU,1623093522
498,saquarema,-22.92,-42.5103,75.24,82,10,6.49,BR,1623093323
499,riva,38.9521,-76.578,95.0,64,94,1.99,US,1623093522
500,ketchikan,55.3422,-131.6461,54.07,71,40,9.22,US,1623093523
501,pangai,-19.8,-174.35,73.51,94,75,0.0,TO,1623093524
502,moundsville,39.9203,-80.7431,89.44,65,100,8.95,US,1623093524
503,anadyr,64.75,177.4833,41.5,65,0,8.01,RU,1623093525
504,rio grande,-32.035,-52.0986,64.51,69,1,14.83,BR,1623093525
505,shihezi,44.3,86.0333,69.84,24,57,5.17,CN,1623093525
506,kharp,66.8014,65.8081,33.67,84,45,6.49,RU,1623093526
507,shimoda,34.6667,138.95,68.11,75,98,4.7,JP,1623093526
508,tskaltubo,42.3254,42.5979,59.94,77,0,1.97,GE,1623093527
509,road town,18.4167,-64.6167,80.64,83,20,13.8,VG,1623093364
510,loikaw,19.6742,97.2094,70.18,94,100,2.59,MM,1623093527
511,gigmoto,13.7796,124.39,80.1,83,100,3.91,PH,1623093528
512,esperanza,19.5847,-70.9849,86.31,67,11,7.0,DO,1623093528
513,grand gaube,-20.0064,57.6608,72.0,84,84,5.01,MU,1623093529
514,basco,20.4487,121.9702,83.79,75,100,11.48,PH,1623093529
515,charleston,32.7766,-79.9309,87.22,81,90,5.01,US,1623093367
516,north ogden,41.3072,-111.9602,87.78,23,1,8.01,US,1623093530
517,kieta,-6.2167,155.6333,77.94,81,100,3.47,PG,1623093531
518,lyuban,52.7985,28.0048,58.51,89,16,6.89,BY,1623093531
519,tianpeng,30.9866,103.9393,73.87,46,100,6.51,CN,1623093532
520,lappeenranta,61.0587,28.1887,64.45,63,20,5.75,FI,1623093532
521,bronnoysund,65.4625,12.1997,57.72,82,40,9.22,NO,1623093533
522,maniitsoq,65.4167,-52.9,40.41,87,79,4.09,GL,1623093533
523,radomsko,51.0671,19.4448,67.89,56,27,0.74,PL,1623093534
524,fehervarcsurgo,47.2935,18.2646,71.74,70,0,1.72,HU,1623093534
525,colares,38.7992,-9.4469,67.19,69,20,14.0,PT,1623093534
526,jumla,29.2747,82.1838,56.55,89,20,4.0,NP,1623093535
527,kilifi,-3.6305,39.8499,77.23,77,11,17.18,KE,1623093535
528,madhubani,26.3667,86.0833,87.4,68,4,11.61,IN,1623093536
529,port-gentil,-0.7193,8.7815,79.81,82,93,5.14,GA,1623093536
530,manacapuru,-3.2997,-60.6206,88.38,63,91,4.54,BR,1623093537
531,leh,34.1667,77.5833,53.55,30,0,5.53,IN,1623093537
532,san juan,-31.5375,-68.5364,71.73,36,0,10.31,AR,1623093530
533,salinas,36.6777,-121.6555,75.0,56,40,16.11,US,1623093392
534,blythe,33.6103,-114.5964,99.03,15,43,15.95,US,1623093420
535,lloydminster,53.2835,-110.0016,62.6,41,88,6.93,CA,1623093303
536,tra vinh,9.9347,106.3453,77.27,87,100,4.36,VN,1623093538
537,killybegs,54.6333,-8.45,60.51,76,99,9.19,IE,1623093539
538,comodoro rivadavia,-45.8667,-67.5,57.06,54,0,8.05,AR,1623093539
539,adrar,20.5022,-10.0711,104.58,9,5,9.4,MR,1623093540
540,marsh harbour,26.5412,-77.0636,80.02,75,100,15.86,BS,1623093453
541,sept-iles,50.2001,-66.3821,61.32,82,75,8.01,CA,1623093541
542,roi et,15.75,103.75,80.51,82,100,10.8,TH,1623093541
543,mandera,3.9366,41.867,83.93,52,98,22.57,KE,1623093542
544,buluang,13.3068,123.3425,78.13,87,100,1.1,PH,1623093542
545,lagdo,9.05,13.7333,82.31,55,96,2.86,CM,1623093543
546,san ignacio,17.1561,-89.0714,93.34,59,75,10.92,BZ,1623093543
547,siljan,59.2884,9.71,62.04,96,99,2.46,NO,1623093544
548,sioux lookout,50.1001,-91.917,75.58,43,40,6.91,CA,1623093544
549,kidero,42.1932,45.9614,41.67,62,0,1.3,RU,1623093545
550,sao gabriel da cachoeira,-0.1303,-67.0892,82.2,89,75,2.33,BR,1623093545
551,cherkasskoye,52.4333,47.2167,60.42,86,93,2.19,RU,1623093546
552,vidim,56.4088,103.1106,48.99,94,82,3.62,RU,1623093546
553,moose factory,51.2585,-80.6094,84.2,32,1,21.85,CA,1623093546
554,sumenep,-7.0167,113.8667,78.55,86,42,8.84,ID,1623093547
555,labuhan,-6.8844,112.2051,77.83,85,58,7.74,ID,1623093547
556,chhindwara,22.0667,78.9333,77.7,75,100,5.21,IN,1623093548
557,karlskrona,56.1616,15.5866,64.85,75,39,5.26,SE,1623093310
558,umea,63.8284,20.2597,66.13,68,0,2.3,SE,1623093549
559,qasigiannguit,68.8193,-51.1922,61.05,57,5,1.9,GL,1623093549
560,taunggyi,20.7833,97.0333,66.4,90,100,1.54,MM,1623093550
561,wanning,18.8003,110.3967,80.6,87,100,5.88,CN,1623093550
562,bilma,18.6853,12.9164,96.67,13,100,4.79,NE,1623093550
563,mareeba,-17.0,145.4333,65.12,96,48,2.21,AU,1623093551
564,fond du lac,43.775,-88.4388,86.34,73,100,10.87,US,1623093551
